{"cameraMode":{"drawMode":0,"name":"Shaded","section":"Shading Mode"},"sceneLighting":true,"audioPlay":false,"sceneViewState":{"showFog":true,"showMaterialUpdate":false,"showSkybox":true,"showFlares":true,"showImageEffects":true,"showParticleSystems":true},"in2DMode":false,"pivot":{"x":-3.6149935722351076,"y":3.5411949157714845,"z":-12.685993194580079},"rotation":{"x":-0.10266558080911637,"y":-0.6427986025810242,"z":0.0875072181224823,"w":-0.7540754079818726},"size":10.0,"orthographic":false}