{"cameraMode":{"drawMode":0,"name":"Shaded","section":"Shading Mode"},"sceneLighting":true,"audioPlay":false,"sceneViewState":{"showFog":true,"showMaterialUpdate":false,"showSkybox":true,"showFlares":true,"showImageEffects":true,"showParticleSystems":true},"in2DMode":false,"pivot":{"x":-9.998062133789063,"y":47.32569885253906,"z":141.6428985595703},"rotation":{"x":0.0013834502315148712,"y":0.9079957008361816,"z":-0.41896674036979678,"w":0.0029968945309519769},"size":32.50843811035156,"orthographic":false}